--
-- Script was generated by Devart dbForge Studio 2020 for MySQL, Version 9.0.338.0
-- Product home page: http://www.devart.com/dbforge/mysql/studio
-- Script date 4/15/2026 9:46:25 AM
-- Server version: 10.4.28
-- Client version: 4.1
--

drop database if exists misaemployee_development;

create database misaemployee_development character set utf8mb4 collate utf8mb4_general_ci;

-- 
-- Disable foreign keys
-- 
/*!40014 SET @OLD_FOREIGN_KEY_CHECKS=@@FOREIGN_KEY_CHECKS, FOREIGN_KEY_CHECKS=0 */;

-- 
-- Set SQL mode
-- 
/*!40101 SET @OLD_SQL_MODE=@@SQL_MODE, SQL_MODE='NO_AUTO_VALUE_ON_ZERO' */;

-- 
-- Set character set the client will use to send SQL statements to the server
--
SET NAMES 'utf8';

--
-- Set default database
--
USE misaemployee_development;

--
-- Drop procedure `Proc_DeletePositionById`
--
DROP PROCEDURE IF EXISTS Proc_DeletePositionById;

--
-- Drop procedure `Proc_Department_FilterPaging`
--
DROP PROCEDURE IF EXISTS Proc_Department_FilterPaging;

--
-- Drop procedure `Proc_Employee_FilterPaging`
--
DROP PROCEDURE IF EXISTS Proc_Employee_FilterPaging;

--
-- Drop procedure `Proc_InsertPosition`
--
DROP PROCEDURE IF EXISTS Proc_InsertPosition;

--
-- Drop procedure `Proc_Position_FilterPaging`
--
DROP PROCEDURE IF EXISTS Proc_Position_FilterPaging;

--
-- Drop procedure `Proc_UpdatePosition`
--
DROP PROCEDURE IF EXISTS Proc_UpdatePosition;

--
-- Drop table `position`
--
DROP TABLE IF EXISTS position;

--
-- Drop procedure `Proc_DeleteDepartmentById`
--
DROP PROCEDURE IF EXISTS Proc_DeleteDepartmentById;

--
-- Drop procedure `Proc_InsertDepartment`
--
DROP PROCEDURE IF EXISTS Proc_InsertDepartment;

--
-- Drop procedure `Proc_UpdateDepartment`
--
DROP PROCEDURE IF EXISTS Proc_UpdateDepartment;

--
-- Drop table `department`
--
DROP TABLE IF EXISTS department;

--
-- Drop procedure `Proc_DeleteEmployeeById`
--
DROP PROCEDURE IF EXISTS Proc_DeleteEmployeeById;

--
-- Drop procedure `Proc_InsertEmployee`
--
DROP PROCEDURE IF EXISTS Proc_InsertEmployee;

--
-- Drop procedure `Proc_UpdateEmployee`
--
DROP PROCEDURE IF EXISTS Proc_UpdateEmployee;

--
-- Drop table `employee`
--
DROP TABLE IF EXISTS employee;

--
-- Set default database
--
USE misaemployee_development;

--
-- Create table `employee`
--
CREATE TABLE employee (
  EmployeeID char(36) NOT NULL COMMENT 'Khóa chính nhân viên',
  EmployeeCode varchar(20) NOT NULL COMMENT 'Mã nhân viên',
  EmployeeName varchar(100) NOT NULL COMMENT 'Tên nhân viên',
  Gender int(11) DEFAULT 0 COMMENT 'Giới tính: 0-Nữ, 1-Nam, 2-Khác',
  DateOfBirth date DEFAULT NULL COMMENT 'Ngày sinh',
  PhoneNumber varchar(50) DEFAULT NULL COMMENT 'Số điện thoại',
  Email varchar(100) DEFAULT NULL COMMENT 'Email',
  Address varchar(255) DEFAULT NULL COMMENT 'Địa chỉ',
  DepartmentID char(36) NOT NULL COMMENT 'Phòng ban',
  PositionID char(36) NOT NULL COMMENT 'Chức vụ',
  Salary decimal(18, 4) DEFAULT 0.0000 COMMENT 'Lương cơ bản',
  CreatedDate datetime DEFAULT NULL COMMENT 'Ngày tạo'
)
ENGINE = INNODB,
AVG_ROW_LENGTH = 1092,
CHARACTER SET utf8mb4,
COLLATE utf8mb4_general_ci;

DELIMITER $$

-- Task 2.2. thêm cột HireDate cho bảng employee
alter table employee
add column HireDate date null comment "Ngày tuyển" after Salary;

--
-- Create procedure `Proc_UpdateEmployee`
--
DELIMITER $$
CREATE DEFINER = 'root'@'localhost'
PROCEDURE Proc_UpdateEmployee (
  IN v_EmployeeID char(36), IN v_EmployeeCode varchar(20),
  IN v_EmployeeName varchar(100), IN v_Gender int,
  IN v_DateOfBirth date, IN v_PhoneNumber varchar(50),
  IN v_Email varchar(100), IN v_Address varchar(255),
  IN v_DepartmentID char(36), IN v_PositionID char(36),
  IN v_Salary decimal(18, 4), IN v_CreatedDate datetime,
IN v_HireDate date
)
BEGIN
  -- Check exists
  IF NOT EXISTS (SELECT 1 FROM employee WHERE EmployeeID = v_EmployeeID) THEN SIGNAL SQLSTATE '45000' SET MESSAGE_TEXT = 'Employee không tồn tại';
  END IF;

  -- Check duplicate code (except itself)
  IF EXISTS (SELECT 1 FROM employee WHERE EmployeeCode = v_EmployeeCode AND EmployeeID <> v_EmployeeID) THEN SIGNAL SQLSTATE '45000' SET MESSAGE_TEXT = 'EmployeeCode đã tồn tại';
  END IF;

  -- Update
  UPDATE employee
  SET EmployeeCode = v_EmployeeCode,
      EmployeeName = v_EmployeeName,
      Gender = v_Gender,
      DateOfBirth = v_DateOfBirth,
      PhoneNumber = v_PhoneNumber,
      Email = v_Email,
      Address = v_Address,
      DepartmentID = v_DepartmentID,
      PositionID = v_PositionID,
      Salary = v_Salary,
      CreatedDate = v_CreatedDate,
      HireDate = v_HireDate
  WHERE EmployeeID = v_EmployeeID;
END
$$
DELIMITER ;

--
-- Create procedure `Proc_InsertEmployee`
--
DELIMITER $$
CREATE DEFINER = 'root'@'localhost'
PROCEDURE Proc_InsertEmployee (
  IN v_EmployeeID char(36), IN v_EmployeeCode varchar(20),
  IN v_EmployeeName varchar(100),IN v_Gender int,
  IN v_DateOfBirth date, IN v_PhoneNumber varchar(50),
  IN v_Email varchar(100), IN v_Address varchar(255),
  IN v_DepartmentID char(36), IN v_PositionID char(36),
  IN v_Salary decimal(18, 4), IN v_CreatedDate datetime,
  IN v_HireDate date
)
BEGIN
  -- Check duplicate code
  IF EXISTS (SELECT 1 FROM employee WHERE EmployeeCode = v_EmployeeCode) THEN SIGNAL SQLSTATE '45000' SET MESSAGE_TEXT = 'EmployeeCode đã tồn tại';
  ELSE
    INSERT INTO employee (EmployeeID, EmployeeCode, EmployeeName, Gender, DateOfBirth, PhoneNumber, Email, Address, DepartmentID, PositionID, Salary, CreatedDate, HireDate)
      VALUES (v_EmployeeID, v_EmployeeCode, v_EmployeeName, v_Gender, v_DateOfBirth, v_PhoneNumber, v_Email, v_Address, v_DepartmentID, v_PositionID, v_Salary, v_CreatedDate, v_HireDate);
  END IF;
END
$$
DELIMITER ;

--
-- Create procedure `Proc_DeleteEmployeeById`
--
DELIMITER $$
CREATE DEFINER = 'root'@'localhost'
PROCEDURE Proc_DeleteEmployeeById (IN v_EmployeeID char(36))
BEGIN
  DELETE FROM Employee WHERE EmployeeID = v_EmployeeID;
END
$$
DELIMITER ;

--
-- Create table `department`
--
CREATE TABLE department (
  DepartmentID char(36) NOT NULL COMMENT 'Khóa chính phòng ban',
  DepartmentCode varchar(20) NOT NULL COMMENT 'Mã phòng ban',
  DepartmentName varchar(255) NOT NULL COMMENT 'Tên phòng ban',
  Description varchar(255) DEFAULT NULL COMMENT 'Diễn giải',
  PRIMARY KEY (DepartmentID)
)
ENGINE = INNODB,
AVG_ROW_LENGTH = 2048,
CHARACTER SET utf8mb4,
COLLATE utf8mb4_general_ci;

--
-- Create index `UQ_DepartmentCode` on table `department`
--
ALTER TABLE department
ADD UNIQUE INDEX UQ_DepartmentCode (DepartmentCode);

DELIMITER $$

--
-- Create procedure `Proc_UpdateDepartment`
--
CREATE DEFINER = 'root'@'localhost'
PROCEDURE Proc_UpdateDepartment (IN v_DepartmentID char(36),
IN v_DepartmentCode varchar(20),
IN v_DepartmentName varchar(255),
IN v_Description varchar(255))
BEGIN
  -- Kiểm tra tồn tại
  IF NOT EXISTS (SELECT
        1
      FROM department
      WHERE DepartmentID = v_DepartmentID) THEN
    SIGNAL SQLSTATE '45000'
    SET MESSAGE_TEXT = 'Department không tồn tại';
  END IF;

  -- Kiểm tra trùng code (trừ chính nó)
  IF EXISTS (SELECT
        1
      FROM department
      WHERE DepartmentCode = v_DepartmentCode
      AND DepartmentID <> v_DepartmentID) THEN
    SIGNAL SQLSTATE '45000'
    SET MESSAGE_TEXT = 'DepartmentCode đã tồn tại';
  END IF;

  -- Update
  UPDATE department
  SET DepartmentCode = v_DepartmentCode,
      DepartmentName = v_DepartmentName,
      Description = v_Description
  WHERE DepartmentID = v_DepartmentID;

END
$$

--
-- Create procedure `Proc_InsertDepartment`
--
CREATE DEFINER = 'root'@'localhost'
PROCEDURE Proc_InsertDepartment (IN v_DepartmentID char(36),
IN v_DepartmentCode varchar(20),
IN v_DepartmentName varchar(255),
IN v_Description varchar(255))
BEGIN
  -- Kiểm tra trùng mã phòng ban
  IF EXISTS (SELECT
        1
      FROM department
      WHERE DepartmentCode = v_DepartmentCode) THEN
    SIGNAL SQLSTATE '45000'
    SET MESSAGE_TEXT = 'DepartmentCode đã tồn tại';
  ELSE
    INSERT INTO department (DepartmentID,
    DepartmentCode,
    DepartmentName,
    Description)
      VALUES (v_DepartmentID, v_DepartmentCode, v_DepartmentName, v_Description);
  END IF;
END
$$

--
-- Create procedure `Proc_DeleteDepartmentById`
--
CREATE DEFINER = 'root'@'localhost'
PROCEDURE Proc_DeleteDepartmentById (IN v_DepartmentID char(36))
BEGIN
  DELETE
    FROM Department
  WHERE DepartmentID = v_DepartmentID;
END
$$

DELIMITER ;

--
-- Create table `position`
--
CREATE TABLE position (
  PositionID char(36) NOT NULL COMMENT 'Khóa chính chức vụ',
  PositionCode varchar(20) NOT NULL COMMENT 'Mã chức vụ',
  PositionName varchar(255) NOT NULL COMMENT 'Tên chức vụ',
  PRIMARY KEY (PositionID)
)
ENGINE = INNODB,
AVG_ROW_LENGTH = 2340,
CHARACTER SET utf8mb4,
COLLATE utf8mb4_general_ci;

--
-- Create index `UQ_PositionCode` on table `position`
--
ALTER TABLE position
ADD UNIQUE INDEX UQ_PositionCode (PositionCode);

DELIMITER $$

--
-- Create procedure `Proc_UpdatePosition`
--
CREATE DEFINER = 'root'@'localhost'
PROCEDURE Proc_UpdatePosition (IN v_PositionID char(36),
IN v_PositionCode varchar(20),
IN v_PositionName varchar(255))
BEGIN
  -- Check exists
  IF NOT EXISTS (SELECT
        1
      FROM position
      WHERE PositionID = v_PositionID) THEN
    SIGNAL SQLSTATE '45000'
    SET MESSAGE_TEXT = 'Position không tồn tại';
  END IF;

  -- Check duplicate code (except itself)
  IF EXISTS (SELECT
        1
      FROM position
      WHERE PositionCode = v_PositionCode
      AND PositionID <> v_PositionID) THEN
    SIGNAL SQLSTATE '45000'
    SET MESSAGE_TEXT = 'PositionCode đã tồn tại';
  END IF;

  -- Update
  UPDATE position
  SET PositionCode = v_PositionCode,
      PositionName = v_PositionName
  WHERE PositionID = v_PositionID;
END
$$

--
-- Create procedure `Proc_Position_FilterPaging`
--
CREATE DEFINER = 'root'@'localhost'
PROCEDURE Proc_Position_FilterPaging (IN v_pageIndex int,
IN v_pageSize int,
IN v_search varchar(255),
IN v_sort varchar(200),
IN v_searchFields json)
BEGIN
  DECLARE v_offset int;
  DECLARE v_where text DEFAULT ' WHERE 1=1 ';
  DECLARE v_orderBy text DEFAULT '';
  DECLARE v_searchCondition text;

  -- 1. Paging
  IF v_pageIndex < 1 THEN
    SET v_pageIndex = 1;
  END IF;
  IF v_pageSize < 1 THEN
    SET v_pageSize = 20;
  END IF;

  SET v_offset = (v_pageIndex - 1) * v_pageSize;

  -- 2. Search multiple fields
  IF v_search IS NOT NULL
    AND v_search <> ''
    AND v_searchFields IS NOT NULL THEN

    SELECT
      GROUP_CONCAT(
      CONCAT(
      '`',
      JSON_UNQUOTE(JSON_EXTRACT(v_searchFields, CONCAT('$[', n, ']'))),
      '` LIKE "%', v_search, '%"'
      )
      SEPARATOR ' OR '
      ) INTO v_searchCondition
    FROM (SELECT
        0 n
      UNION
      SELECT
        1
      UNION
      SELECT
        2
      UNION
      SELECT
        3
      UNION
      SELECT
        4) t
    WHERE n < JSON_LENGTH(v_searchFields);

    IF v_searchCondition IS NOT NULL THEN
      SET v_where = CONCAT(v_where, ' AND (', v_searchCondition, ')');
    END IF;
  END IF;

  -- 3. Sort multiple columns
  IF v_sort IS NOT NULL
    AND v_sort <> '' THEN
    SELECT
      GROUP_CONCAT(
      CONCAT(
      '`', SUBSTRING(item, 2), '` ',
      IF(LEFT(item, 1) = '-', 'DESC', 'ASC')
      )
      SEPARATOR ', '
      ) INTO v_orderBy
    FROM (SELECT
        TRIM(SUBSTRING_INDEX (SUBSTRING_INDEX (v_sort, ',', n), ',', -1)) item
      FROM (SELECT
          1 n
        UNION
        SELECT
          2
        UNION
        SELECT
          3
        UNION
        SELECT
          4) x
      WHERE n <= 1 + LENGTH(v_sort) - LENGTH(REPLACE(v_sort, ',', ''))) y;

    IF v_orderBy IS NOT NULL THEN
      SET v_orderBy = CONCAT(' ORDER BY ', v_orderBy);
    END IF;
  END IF;

  -- 4. Default sort
  IF v_orderBy IS NULL
    OR v_orderBy = '' THEN
    SET v_orderBy = ' ORDER BY PositionID DESC';
  END IF;

  -- 5. Build SQL
  SET @v_sql = CONCAT(
  'SELECT * FROM Position ',
  v_where,
  v_orderBy,
  ' LIMIT ', v_offset, ',', v_pageSize, ';'
  );

  -- 6. SQL count
  SET @v_sqlCount = CONCAT(
  'SELECT COUNT(*) AS Total FROM Position ',
  v_where
  );

  PREPARE stmt1 FROM @v_sql;
  EXECUTE stmt1;
  DEALLOCATE PREPARE stmt1;

  PREPARE stmt FROM @v_sqlCount;
  EXECUTE stmt;
  DEALLOCATE PREPARE stmt;
END
$$

--
-- Create procedure `Proc_InsertPosition`
--
CREATE DEFINER = 'root'@'localhost'
PROCEDURE Proc_InsertPosition (IN v_PositionID char(36),
IN v_PositionCode varchar(20),
IN v_PositionName varchar(255))
BEGIN
  -- Check duplicate code
  IF EXISTS (SELECT
        1
      FROM position
      WHERE PositionCode = v_PositionCode) THEN
    SIGNAL SQLSTATE '45000'
    SET MESSAGE_TEXT = 'PositionCode đã tồn tại';
  ELSE
    INSERT INTO position (PositionID,
    PositionCode,
    PositionName)
      VALUES (v_PositionID, v_PositionCode, v_PositionName);
  END IF;
END
$$

--
-- Create procedure `Proc_Employee_FilterPaging`
--
CREATE DEFINER = 'root'@'localhost'
PROCEDURE Proc_Employee_FilterPaging (IN v_pageIndex int,
IN v_pageSize int,
IN v_search varchar(255),
IN v_sort varchar(200),
IN v_searchFields json)
BEGIN
  DECLARE v_offset int;
  DECLARE v_where text DEFAULT ' WHERE 1=1 ';
  DECLARE v_orderBy text DEFAULT '';
  DECLARE v_searchCondition text;

  -- 1. Paging
  IF v_pageIndex < 1 THEN
    SET v_pageIndex = 1;
  END IF;
  IF v_pageSize < 1 THEN
    SET v_pageSize = 20;
  END IF;

  SET v_offset = (v_pageIndex - 1) * v_pageSize;

  -- 2. Search multiple fields
  IF v_search IS NOT NULL
    AND v_search <> ''
    AND v_searchFields IS NOT NULL THEN

    SELECT
      GROUP_CONCAT(
      CONCAT(
      '`',
      JSON_UNQUOTE(JSON_EXTRACT(v_searchFields, CONCAT('$[', n, ']'))),
      '` LIKE "%', v_search, '%"'
      )
      SEPARATOR ' OR '
      ) INTO v_searchCondition
    FROM (SELECT
        0 n
      UNION
      SELECT
        1
      UNION
      SELECT
        2
      UNION
      SELECT
        3
      UNION
      SELECT
        4
      UNION
      SELECT
        5
      UNION
      SELECT
        6
      UNION
      SELECT
        7
      UNION
      SELECT
        8
      UNION
      SELECT
        9) t
    WHERE n < JSON_LENGTH(v_searchFields);

    IF v_searchCondition IS NOT NULL THEN
      SET v_where = CONCAT(v_where, ' AND (', v_searchCondition, ')');
    END IF;
  END IF;

  -- 3. Sort multiple columns
  IF v_sort IS NOT NULL
    AND v_sort <> '' THEN
    SELECT
      GROUP_CONCAT(
      CONCAT(
      '`', SUBSTRING(item, 2), '` ',
      IF(LEFT(item, 1) = '-', 'DESC', 'ASC')
      )
      SEPARATOR ', '
      ) INTO v_orderBy
    FROM (SELECT
        TRIM(SUBSTRING_INDEX (SUBSTRING_INDEX (v_sort, ',', n), ',', -1)) item
      FROM (SELECT
          1 n
        UNION
        SELECT
          2
        UNION
        SELECT
          3
        UNION
        SELECT
          4
        UNION
        SELECT
          5) x
      WHERE n <= 1 + LENGTH(v_sort) - LENGTH(REPLACE(v_sort, ',', ''))) y;

    IF v_orderBy IS NOT NULL THEN
      SET v_orderBy = CONCAT(' ORDER BY ', v_orderBy);
    END IF;
  END IF;

  -- 4. Default sort
  IF v_orderBy IS NULL
    OR v_orderBy = '' THEN
    SET v_orderBy = ' ORDER BY EmployeeID DESC';
  END IF;

  -- 5. Build SQL
  SET @v_sql = CONCAT(
  'SELECT * FROM Employee ',
  v_where,
  v_orderBy,
  ' LIMIT ', v_offset, ',', v_pageSize, ';'
  );

  -- 6. SQL count
  SET @v_sqlCount = CONCAT(
  'SELECT COUNT(*) AS Total FROM Employee ',
  v_where
  );

  PREPARE stmt1 FROM @v_sql;
  EXECUTE stmt1;
  DEALLOCATE PREPARE stmt1;

  PREPARE stmt FROM @v_sqlCount;
  EXECUTE stmt;
  DEALLOCATE PREPARE stmt;
END
$$

--
-- Create procedure `Proc_Department_FilterPaging`
--
CREATE DEFINER = 'root'@'localhost'
PROCEDURE Proc_Department_FilterPaging (IN v_pageIndex int,
IN v_pageSize int,
IN v_search varchar(255),
IN v_sort varchar(200),
IN v_searchFields json)
BEGIN

  DECLARE v_offset int;
  DECLARE v_where text DEFAULT ' WHERE 1=1 ';
  DECLARE v_orderBy text DEFAULT '';
  DECLARE v_searchCondition text;

  -- 1️⃣ Paging cơ bản
  IF v_pageIndex < 1 THEN
    SET v_pageIndex = 1;
  END IF;
  IF v_pageSize < 1 THEN
    SET v_pageSize = 20;
  END IF;

  SET v_offset = (v_pageIndex - 1) * v_pageSize;

  -- 2️⃣ Search nhiều field
  IF v_search IS NOT NULL
    AND v_search <> ''
    AND v_searchFields IS NOT NULL THEN

    SELECT
      GROUP_CONCAT(
      CONCAT(
      '`',
      JSON_UNQUOTE(JSON_EXTRACT(v_searchFields, CONCAT('$[', n, ']'))),
      '` LIKE "%', v_search, '%"'
      )
      SEPARATOR ' OR '
      ) INTO v_searchCondition
    FROM (SELECT
        0 n
      UNION
      SELECT
        1
      UNION
      SELECT
        2
      UNION
      SELECT
        3
      UNION
      SELECT
        4) t
    WHERE n < JSON_LENGTH(v_searchFields);

    IF v_searchCondition IS NOT NULL THEN
      SET v_where = CONCAT(v_where, ' AND (', v_searchCondition, ')');
    END IF;

  END IF;

  -- 3️⃣ Sort nhiều cột
  IF v_sort IS NOT NULL
    AND v_sort <> '' THEN

    SELECT
      GROUP_CONCAT(
      CONCAT(
      '`', SUBSTRING(item, 2), '` ',
      IF(LEFT(item, 1) = '-', 'DESC', 'ASC')
      )
      SEPARATOR ', '
      ) INTO v_orderBy
    FROM (SELECT
        TRIM(SUBSTRING_INDEX (SUBSTRING_INDEX (v_sort, ',', n), ',', -1)) item
      FROM (SELECT
          1 n
        UNION
        SELECT
          2
        UNION
        SELECT
          3
        UNION
        SELECT
          4) x
      WHERE n <= 1 + LENGTH(v_sort) - LENGTH(REPLACE(v_sort, ',', ''))) y;

    IF v_orderBy IS NOT NULL THEN
      SET v_orderBy = CONCAT(' ORDER BY ', v_orderBy);
    END IF;

  END IF;

  -- 4️⃣ Default sort
  IF v_orderBy IS NULL
    OR v_orderBy = '' THEN
    SET v_orderBy = ' ORDER BY DepartmentID DESC';
  END IF;

  -- 5️⃣ Build SQL
  SET @v_sql = CONCAT(
  'SELECT * FROM Department ',
  v_where,
  v_orderBy,
  ' LIMIT ', v_offset, ',', v_pageSize, '; '
  );


  -- 6. SQL count
  SET @v_sqlCount = CONCAT(
  'SELECT COUNT(*) AS Total FROM Department ',
  v_where
  );



  PREPARE stmt1 FROM @v_sql;
  EXECUTE stmt1;
  DEALLOCATE PREPARE stmt1;

  PREPARE stmt FROM @v_sqlCount;
  EXECUTE stmt;
  DEALLOCATE PREPARE stmt;


END
$$

--
-- Create procedure `Proc_DeletePositionById`
--
CREATE DEFINER = 'root'@'localhost'
PROCEDURE Proc_DeletePositionById (IN v_PositionID char(36))
BEGIN
  DELETE
    FROM Position
  WHERE PositionID = v_PositionID;
END
$$

DELIMITER ;

-- 
-- Dumping data for table position
--
INSERT INTO position VALUES
('11111111-1111-1111-1111-111111111111', 'DEV', 'Developer'),
('22222222-2222-2222-2222-222222222222', 'QA', 'Quality Assurance'),
('33333333-3333-3333-3333-333333333333', 'PM', 'Project Manager'),
('44444444-4444-4444-4444-444444444444', 'HR', 'HR Specialist'),
('55555555-5555-5555-5555-555555555555', 'ACC', 'Accountant'),
('66666666-6666-6666-6666-666666666666', 'MKT', 'Marketing Executive'),
('77777777-7777-7777-7777-777777777777', 'OPS', 'Operation Staff');

-- 
-- Dumping data for table employee
--
INSERT INTO employee VALUES
('e0000001-0000-0000-0000-000000000001', 'EMP001', 'Nguyễn Văn An', 1, '1995-03-15', '0912345678', 'an.nguyen@misa.com', 'Hà Nội', '550e8400-e29b-41d4-a716-446655440002', '11111111-1111-1111-1111-111111111111', 18000000.0000, '2026-04-15 09:29:18'),
('e0000001-0000-0000-0000-000000000002', 'EMP002', 'Trần Thị Mai', 0, '1998-07-20', '0987654321', 'mai.tran@misa.com', 'Hồ Chí Minh', '550e8400-e29b-41d4-a716-446655440002', '22222222-2222-2222-2222-222222222222', 15000000.0000, '2026-04-15 09:29:18'),
('e0000001-0000-0000-0000-000000000003', 'EMP003', 'Phạm Minh Hoàng', 1, '1993-11-05', '0905123456', 'hoang.pham@misa.com', 'Đà Nẵng', '550e8400-e29b-41d4-a716-446655440002', '33333333-3333-3333-3333-333333333333', 35000000.0000, '2026-04-15 09:29:18'),
('e0000001-0000-0000-0000-000000000004', 'EMP004', 'Lê Thị Hương', 0, '1996-02-10', '0934567890', 'huong.le@misa.com', 'Hà Nội', '550e8400-e29b-41d4-a716-446655440000', '44444444-4444-4444-4444-444444444444', 14000000.0000, '2026-04-15 09:29:18'),
('e0000001-0000-0000-0000-000000000005', 'EMP005', 'Nguyễn Quốc Bảo', 1, '1992-09-18', '0911223344', 'bao.nguyen@misa.com', 'Hà Nội', '550e8400-e29b-41d4-a716-446655440000', '44444444-4444-4444-4444-444444444444', 16000000.0000, '2026-04-15 09:29:18'),
('e0000001-0000-0000-0000-000000000006', 'EMP006', 'Đặng Thị Lan', 0, '1994-04-22', '0977112233', 'lan.dang@misa.com', 'HCM', '550e8400-e29b-41d4-a716-446655440001', '55555555-5555-5555-5555-555555555555', 20000000.0000, '2026-04-15 09:29:18'),
('e0000001-0000-0000-0000-000000000007', 'EMP007', 'Hoàng Văn Sơn', 1, '1990-01-30', '0944556677', 'son.hoang@misa.com', 'HCM', '550e8400-e29b-41d4-a716-446655440001', '55555555-5555-5555-5555-555555555555', 22000000.0000, '2026-04-15 09:29:18'),
('e0000001-0000-0000-0000-000000000008', 'EMP008', 'Vũ Thị Thu', 0, '1997-06-12', '0966889900', 'thu.vu@misa.com', 'Hà Nội', '550e8400-e29b-41d4-a716-446655440003', '66666666-6666-6666-6666-666666666666', 17000000.0000, '2026-04-15 09:29:18'),
('e0000001-0000-0000-0000-000000000009', 'EMP009', 'Phan Anh Tú', 1, '1999-12-01', '0922113344', 'tu.phan@misa.com', 'HCM', '550e8400-e29b-41d4-a716-446655440003', '66666666-6666-6666-6666-666666666666', 16500000.0000, '2026-04-15 09:29:18'),
('e0000001-0000-0000-0000-000000000010', 'EMP010', 'Bùi Văn Đức', 1, '1991-08-08', '0933445566', 'duc.bui@misa.com', 'Đà Nẵng', '550e8400-e29b-41d4-a716-446655440004', '77777777-7777-7777-7777-777777777777', 21000000.0000, '2026-04-15 09:29:18'),
('e0000001-0000-0000-0000-000000000011', 'EMP011', 'Lý Thị Mỹ', 0, '1996-10-10', '0988112233', 'my.ly@misa.com', 'Hà Nội', '550e8400-e29b-41d4-a716-446655440004', '77777777-7777-7777-7777-777777777777', 19500000.0000, '2026-04-15 09:29:18'),
('e0000001-0000-0000-0000-000000000012', 'EMP012', 'Nguyễn Trung Kiên', 1, '1998-05-05', '0912000001', 'kien.nguyen@misa.com', 'Hà Nội', '550e8400-e29b-41d4-a716-446655440002', '11111111-1111-1111-1111-111111111111', 17500000.0000, '2026-04-15 09:29:18'),
('e0000001-0000-0000-0000-000000000013', 'EMP013', 'Trịnh Hà My', 0, '1997-09-09', '0912000002', 'my.trinh@misa.com', 'HCM', '550e8400-e29b-41d4-a716-446655440002', '22222222-2222-2222-2222-222222222222', 15500000.0000, '2026-04-15 09:29:18'),
('e0000001-0000-0000-0000-000000000014', 'EMP014', 'Đỗ Minh Tuấn', 1, '1994-07-07', '0912000003', 'tuan.do@misa.com', 'HCM', '550e8400-e29b-41d4-a716-446655440002', '11111111-1111-1111-1111-111111111111', 19000000.0000, '2026-04-15 09:29:18'),
('e0000001-0000-0000-0000-000000000015', 'EMP015', 'Phạm Thị Linh', 0, '1995-03-03', '0912000004', 'linh.pham@misa.com', 'Đà Nẵng', '550e8400-e29b-41d4-a716-446655440002', '22222222-2222-2222-2222-222222222222', 16000000.0000, '2026-04-15 09:29:18');

-- 1. Tạm tắt hàng rào bảo vệ Safe Mode
SET SQL_SAFE_UPDATES = 0;
-- 2. Tạo ngày thàng năm ngẫu nhiên cho cột HireDate
UPDATE employee 
SET HireDate = DATE_ADD('2024-01-01', INTERVAL FLOOR(RAND() * 730) DAY) 
WHERE HireDate IS NULL;
-- 3. Bật rào bảo vệ an toàn lên lại như cũ
SET SQL_SAFE_UPDATES = 1;

-- 
-- Dumping data for table department
--
INSERT INTO department VALUES
('550e8400-e29b-41d4-a716-446655440010', 'RND', 'Research & Development', 'Nghiên cứu và phát triển sản phẩm'),
('550e8400-e29b-41d4-a716-446655440011', 'CS', 'Customer Service', 'Chăm sóc khách hàng'),
('550e8400-e29b-41d4-a716-446655440012', 'SALE', 'Sales', 'Kinh doanh và bán hàng'),
('550e8400-e29b-41d4-a716-446655440013', 'ADMIN', 'Administration', 'Hành chính tổng hợp'),
('550e8400-e29b-41d4-a716-446655440014', 'LEGAL', 'Legal', 'Pháp chế doanh nghiệp'),
('550e8400-e29b-41d4-a716-446655440015', 'DATA', 'Data Engineering', 'Quản lý và phân tích dữ liệu'),
('550e8400-e29b-41d4-a716-446655440016', 'SEC', 'Security', 'An ninh hệ thống'),
('550e8400-e29b-41d4-a716-446655440017', 'SUP', 'Support', 'Hỗ trợ kỹ thuật');

-- 
-- Restore previous SQL mode
-- 
/*!40101 SET SQL_MODE=@OLD_SQL_MODE */;

-- 
-- Enable foreign keys
-- 
/*!40014 SET FOREIGN_KEY_CHECKS = @OLD_FOREIGN_KEY_CHECKS */;